<?xml version="1.0" encoding="UTF-8"?>
<!-- edited with XMLSpy v2006 sp2 U (http://www.altova.com) by VVS (BSS) -->
<!--
XML-Schema схемы классификатора и проекции
-->
<!--
1. XML-Schema схема классификатора
-->
<!-- XML Schema meta schema for administrative management models: Part 1: Classifiers v.0.9 -->
<!--
-2. Вспомогательные объявления атрибутов и элементов на верхнем уровне
-1. Schema Root 
1.0. Классификаторы модели
1.1. Классификатор
1.2. Сложный тип Классификатор (clsfType)
1.3. Сложный тип Основные свойства классификатора
1.4. Сложный тип Дополнительные свойства классификатора
1.5. Простой тип Предметные области модели
1.6. Сложный тип Шкала классификатора
1.7. Атрибут Группа пиктограмм (перечисление задается для конкретной модели) 
1.8. Сложный тип Тип позиции классификатора
1.9. Сложный тип Элемент классификатора
1.10. Сложный тип Пиктограмма
1.11. Сложный тип Значение шкалы элемента классификатора
-->
<xsd:schema xmlns:xsd="http://www.w3.org/2001/XMLSchema" xmlns:hfp="http://www.w3.org/2000/10/XMLSchema-hasFacetAndProperty" xmlns:dc="http://purl.org/dc/elements/1.1/" elementFormDefault="qualified" attributeFormDefault="unqualified" version="1.0">
                                      <!-- targetNamespace="http://www.big.spb.ru/TR/2006/20060607/Sch"> -->
	<xsd:annotation>
		<xsd:documentation xml:lang="ru" source="http://www.big.spb.ru/TR/2006/20060607/classif.html">
          Нормативная схема для классификаторов моделей административного управления БИГ, отражающая синтаксические ограничения языка XML Schema
   </xsd:documentation>
	</xsd:annotation>
	<!-- modelSubAreaQnt=10 -->
	<!--clsfPictQnt=5-->
	<!--clsfScalesQnt=5-->
	<!--clsfCommGroupQnt=5-->
	<!--in re = unbounded-->
	<!--!-->
	<!--!-->
	<!--
 -2. Вспомогательные объявления атрибутов и элементов для ссылок на них
-->
	<xsd:attribute name="clsfCommentGroupName" type="xsd:string">
		<xsd:annotation>
			<xsd:documentation xml:lang="ru">Наименование группы комментариев элемента классификатора</xsd:documentation>
		</xsd:annotation>
	</xsd:attribute>
	<!--!-->
	<xsd:attribute name="scaleKind" type="xsd:string">
		<xsd:annotation>
			<xsd:documentation xml:lang="ru">Вид шкалы классификатора</xsd:documentation>
		</xsd:annotation>
	</xsd:attribute>
	<!--!-->
	<xsd:attribute name="itemBeginDate" type="xsd:date">
		<xsd:annotation>
			<xsd:documentation xml:lang="ru">Дата начала события, соответствующего элементу классификатора</xsd:documentation>
		</xsd:annotation>
	</xsd:attribute>
	<!--!-->
	<xsd:attribute name="itemEndDate" type="xsd:date">
		<xsd:annotation>
			<xsd:documentation xml:lang="ru">Дата окончания события, соответствующего элементу классификатора</xsd:documentation>
		</xsd:annotation>
	</xsd:attribute>
	<!--!-->
	<xsd:attribute name="itemDuration" type="xsd:integer">
		<xsd:annotation>
			<xsd:documentation xml:lang="ru">Продолжительность события, соответствующего элементу классификатора</xsd:documentation>
		</xsd:annotation>
	</xsd:attribute>
	<!--!-->
	<xsd:element name="clsfItemPict" type="begPictType">
		<xsd:annotation>
			<xsd:documentation xml:lang="ru">Пиктограмма(ы) элемента классификатора</xsd:documentation>
		</xsd:annotation>
		<!--"clsfPictQnt" -->
	</xsd:element>
	<!--!-->
	<!--!-->
	<xsd:attribute name="clsfItemNmb">
		<xsd:annotation>
			<xsd:documentation xml:lang="ru">Номер элемента классификатора</xsd:documentation>
		</xsd:annotation>
		<!-- семантика номера, определяющая иерархию элементов, здесь не раскрывается -->
		<xsd:simpleType>
			<xsd:restriction base="xsd:string">
				<xsd:pattern value="(([0-9])+’.’)+"/>
			</xsd:restriction>
		</xsd:simpleType>
	</xsd:attribute>
	<!--!-->
	<!--!-->
	<xsd:attribute name="clsfItemName" type="xsd:string">
		<xsd:annotation>
			<xsd:documentation xml:lang="ru">Наименование элемента классификатора</xsd:documentation>
		</xsd:annotation>
	</xsd:attribute>
	<!--!-->

	<!--!-->
	<!--
 -1. Schema Root 
   -->
	<xsd:element name="begModel">
		<xsd:annotation>
			<xsd:documentation xml:lang="ru">Общая вершина схемы модели (скорее для иллюстративных целей в Altova)</xsd:documentation>
		</xsd:annotation>
		<xsd:complexType>
			<xsd:sequence>
				<xsd:element ref="modelClassifiers"/>
				<xsd:element ref="modelPrjctns"/>
			</xsd:sequence>
		</xsd:complexType>
	</xsd:element>
	<!--!-->
	<!--!-->
	<!--
0. Классификаторы модели
    -->
	<xsd:element name="modelClassifiers">
		<xsd:annotation>
			<xsd:documentation xml:lang="ru">Перечень всех классификаторов модели</xsd:documentation>
		</xsd:annotation>
		<xsd:complexType>
			<xsd:sequence>
				<xsd:element ref="begClassifier" maxOccurs="unbounded"/>
			</xsd:sequence>
		</xsd:complexType>
	</xsd:element>
	<!--!-->
	<!--!-->
	<!--
1.1. Классификатор
    -->
	<xsd:element name="begClassifier" type="clsfType">
		<xsd:annotation>
			<xsd:documentation xml:lang="ru">Классификатор, отображающий какую-либо сущность модели или некоторое ее вспомогательное множество</xsd:documentation>
		</xsd:annotation>
		<!-- Уникальность составного имени классификатора для ссылок -->
		<xsd:key name="clsfCmpndNameKey">
			<xsd:annotation>
				<xsd:documentation xml:lang="ru">Уникальное в пределах модели составное имя классификатора, состоящее из его номера и наименования</xsd:documentation>
			</xsd:annotation>
			<xsd:selector xpath="begClassifier/clsfMainProp"/>
			<xsd:field xpath="@clsfNmb"/>
			<xsd:field xpath="@clsfName"/>
		</xsd:key>
	</xsd:element>
	<!--!-->
	<!--!-->
	<!--
1.2. Сложный тип Классификатор
    -->
	<xsd:complexType name="clsfType">
		<xsd:annotation>
			<xsd:documentation xml:lang="ru">Основные компоненты-классы моделей различных видов, списки значений условий завершения и др.</xsd:documentation>
		</xsd:annotation>
		<xsd:sequence>
			<xsd:element name="clsfMainProp" type="clsfMainPropType">
				<xsd:annotation>
					<xsd:documentation xml:lang="ru">Закладка "Основные" свойств классификатора</xsd:documentation>
				</xsd:annotation>
			</xsd:element>
			<xsd:element name="clsfAuxProp" type="clsfAuxPropType">
				<xsd:annotation>
					<xsd:documentation xml:lang="ru">Закладка "Дополнительно" свойств классификатора</xsd:documentation>
				</xsd:annotation>
			</xsd:element>
			<xsd:element name="clsfCommentGroup" maxOccurs="unbounded">
				<xsd:annotation>
					<xsd:documentation xml:lang="ru">Группа комментарие, задаваемая в закладке "Комментарий" свойств классификатора</xsd:documentation>
				</xsd:annotation>
				<xsd:complexType>
					<xsd:attribute ref="clsfCommentGroupName" default="Комментарий">
						<xsd:annotation>
							<xsd:documentation xml:lang="ru">Наименование группы комментариев классификатора</xsd:documentation>
						</xsd:annotation>
					</xsd:attribute>
				</xsd:complexType>
				<!-- <xsd:key name="cmmntGrp">
          			<xsd:selector xpath="clsfType"/>
          			<xsd:field xpath="clsfCommentGroupName"/>	
				</xsd:key>
				<xsd:keyref name="commGroup"   refer="cmmntGrp">
          			<xsd:selector xpath="clsfType"/>
          			<xsd:field xpath="@clsfCommentGroupName"/>	
				</xsd:keyref> -->
			</xsd:element>
			<xsd:sequence>
				<xsd:annotation>
					<xsd:documentation xml:lang="ru">Закладка "Атрибуты" свойств классификатора</xsd:documentation>
				</xsd:annotation>
				<xsd:element name="clsfScale" type="clsfScaleType" maxOccurs="unbounded">
					<xsd:annotation>
						<xsd:documentation xml:lang="ru">Набор числовых, временных или вычислимых значений, сопоставленных элементам классификатора</xsd:documentation>
					</xsd:annotation>
				</xsd:element>
				<xsd:element name="clsfPosType" type="clsfPosTypeType" maxOccurs="unbounded">
					<xsd:annotation>
						<xsd:documentation xml:lang="ru">Набор пиктограмм, элементы которого сопоставлены элементам классификатора</xsd:documentation>
					</xsd:annotation>
				</xsd:element>
			</xsd:sequence>
			<xsd:sequence>
				<xsd:annotation>
					<xsd:documentation xml:lang="ru">Закладка "Вид" свойств классификатора не описывается, так как ее элементы определяют лишь экранное представление классификатора и не отображают состав и/или семантику модели</xsd:documentation>
				</xsd:annotation>
			</xsd:sequence>
			<xsd:sequence>
				<xsd:annotation>
					<xsd:documentation xml:lang="ru">Собственно элементы классификатора</xsd:documentation>
				</xsd:annotation>
				<xsd:element name="clsfItem" type="clsfItemType" maxOccurs="unbounded"/>
			</xsd:sequence>
		</xsd:sequence>
		<!--
		<xsd:attribute name="clsfMainProp" type="clsfMainPropType">
			<xsd:annotation>
				<xsd:documentation xml:lang="ru">Закладка "Основные" свойств классификатора</xsd:documentation>
			</xsd:annotation>
		</xsd:attribute>
        -->
	</xsd:complexType>
	<!--!-->
	<!--!-->
	<!--
1.3. Сложный тип Основные свойства классификатора
    -->
	<xsd:complexType name="clsfMainPropType">
		<xsd:annotation>
			<xsd:documentation xml:lang="ru">Закладка "Основные" свойств классификатора</xsd:documentation>
		</xsd:annotation>
		<xsd:attribute name="clsfNmb">
			<xsd:annotation>
				<xsd:documentation xml:lang="ru">Номер классификатора</xsd:documentation>
			</xsd:annotation>
			<xsd:simpleType>
				<xsd:restriction base="xsd:string">
					<xsd:pattern value="(([0-9])+’.’)+"/>
				</xsd:restriction>
			</xsd:simpleType>
		</xsd:attribute>
		<xsd:attribute name="clsfName" type="xsd:string">
			<xsd:annotation>
				<xsd:documentation xml:lang="ru">Наименование классификатора</xsd:documentation>
			</xsd:annotation>
		</xsd:attribute>
		<xsd:attribute name="clsfEditDate" type="xsd:date">
			<xsd:annotation>
				<xsd:documentation xml:lang="ru">Дата создания/изменения классификатора</xsd:documentation>
			</xsd:annotation>
		</xsd:attribute>
		<xsd:attribute name="clsfEditor" type="xsd:string">
			<xsd:annotation>
				<xsd:documentation xml:lang="ru">Автор/редактор классификатора</xsd:documentation>
			</xsd:annotation>
		</xsd:attribute>
		<xsd:attribute name="clsfComment" type="xsd:string">
			<xsd:annotation>
				<xsd:documentation xml:lang="ru">Общий комментарий к классификатору</xsd:documentation>
			</xsd:annotation>
		</xsd:attribute>
		<!--
         <xsd:unique name="clsfCmpndName">
             <xsd:annotation>
				 <xsd:documentation xml:lang="ru">Составное имя классификатора для ссылок; в классификаторе явно не присутствует</xsd:documentation>
			 </xsd:annotation>
		 	 <xsd:selector xpath="classifier"/>
                  <xsd:field xpath="@clsfNmb"/>
                 <xsd:field xpath="@clsfName"/>
         </xsd:unique>
        -->
	</xsd:complexType>
	<!--!-->
	<!--!-->
	<!--
1.4. Сложный тип Дополнительные свойства классификатора
-->
	<xsd:complexType name="clsfAuxPropType">
		<xsd:annotation>
			<xsd:documentation xml:lang="ru">Тип закладки "Дополнительно" свойств классификатора</xsd:documentation>
		</xsd:annotation>
		<xsd:sequence>
			<!-- Составное имя классификатора свойств (для ссылок); в классификаторе se ipse явно не  присутствует -->
			<xsd:element name="prptClsfCmpndName" minOccurs="0">
				<xsd:annotation>
					<xsd:documentation xml:lang="ru">Классификатор свойств</xsd:documentation>
				</xsd:annotation>
				<!-- классификатор свойств -->
				<xsd:simpleType>
					<xsd:restriction base="xsd:string">
						<xsd:pattern value="(clsfNmb)#x20(clsfName)"/>
					</xsd:restriction>
				</xsd:simpleType>
			</xsd:element>
			<!--<xsd:element ref="clsfCmpndName"/>   классификатор свойств -->
			<xsd:element name="clsfPropLnk" type="xsd:string">
				<xsd:annotation>
					<xsd:documentation xml:lang="ru">Назначение свойств (проекция основной классификатор - классификатор свойств)</xsd:documentation>
					<!-- in re prjctnCmpndName-->
				</xsd:annotation>
			</xsd:element>
			<xsd:element name="clsfSubArea" type="modelSubAreaType" maxOccurs="10">
				<xsd:annotation>
					<xsd:documentation xml:lang="ru">Подобласть(и) модели, к которой(ым) относится классификатор</xsd:documentation>
				</xsd:annotation>
			</xsd:element>
		</xsd:sequence>
		<!-- former version: 
        <xsd:element name="prptClsfCmpndName" minOccurs="0" maxOccurs="1">
             <xsd:complexType>
                 <xsd:attribute name="clsfNmb">
                     <xsd:simpleType>
                         <xsd:restriction base="xsd:string">
                             <xsd:pattern value="(([0-9])+’.’)+"/>
                         </xsd:restriction>
                     </xsd:simpleType>
                 </xsd:attribute>
                 <xsd:attribute name="clsfName" type="xsd:string"/>
             </xsd:complexType>
         </xsd:element>-->
	</xsd:complexType>
	<!--!-->
	<!--!-->
	<!--
1.5. Простой тип Предметные области модели
-->
	<xsd:simpleType name="modelSubAreaType">
		<xsd:annotation>
			<xsd:documentation xml:lang="ru">Подобласти (предметные области)  модели. ("Типы" в закладке "Дополнительно"). Перечень не регламентирован</xsd:documentation>
		</xsd:annotation>
		<xsd:restriction base="xsd:string">
			<!--  Пополняется для конкретного направления моделирвоания
				<xsd:enumeration value="Организационное проектирование"/>
				<xsd:enumeration value="Стратегическое планирование"/>
				<xsd:enumeration value="Модели данных"/>
				<xsd:enumeration value="Модели процессов"/>
				<xsd:enumeration value="Модели качества"/>
				<xsd:enumeration value="Служебный"/>
              -->
		</xsd:restriction>
	</xsd:simpleType>
	<!--!-->
	<!--!-->
	<!--
1.6. Сложный тип Шкала классификатора
    -->
	<xsd:complexType name="clsfScaleType">
		<xsd:annotation>
			<xsd:documentation xml:lang="ru">Шкала классификатора обеспечивает возможность задания числовых и временных характеристик элементов классификатора, которые могут использоваться для получения различных оценок моделируемых процессов. Имеется 6 типов шкал, перечисленных ниже. Каждая шкала имеет наименование, тип и от одного до пяти атрибутов.
      </xsd:documentation>
		</xsd:annotation>
		<xsd:attribute name="clsfScaleName" type="xsd:string" default="1 Шкала">
			<xsd:annotation>
				<xsd:documentation xml:lang="ru">Наименование шкалы классификатора</xsd:documentation>
			</xsd:annotation>
		</xsd:attribute>
		<xsd:attribute name="scaleKind" default="Числовая">
			<xsd:annotation>
				<xsd:documentation xml:lang="ru">Вид шкалы классификатора</xsd:documentation>
			</xsd:annotation>
			<xsd:simpleType>
				<xsd:restriction base="xsd:string">
					<xsd:enumeration value="Числовая"/>
					<xsd:enumeration value="Время (абс)"/>
					<xsd:enumeration value="Время (период)"/>
					<xsd:enumeration value="Дата начала"/>
					<xsd:enumeration value="Дата окончания"/>
					<xsd:enumeration value="Вычислимая"/>
				</xsd:restriction>
			</xsd:simpleType>
		</xsd:attribute>
	</xsd:complexType>
	<!--!-->
	<!--!-->
	<!--
1.7. Атрибут Группа пиктограмм (перечисление задается для конкретной модели) 
    -->
	<xsd:attribute name="posGroupName">
		<xsd:annotation>
			<xsd:documentation xml:lang="ru">Перечисление групп пиктограмм, используемых в конкретной модели. Всегда присутствует value="Все пиктограммы"</xsd:documentation>
		</xsd:annotation>
		<xsd:simpleType>
			<xsd:restriction base="xsd:string">
				<xsd:enumeration value="Все пиктограммы"/>
				<xsd:enumeration value="Группа процесса"/>
				<xsd:enumeration value="Роли участников процесса"/>
				<xsd:enumeration value="Хранилища"/>
				<!-- !!! дать объединение -->
			</xsd:restriction>
		</xsd:simpleType>
	</xsd:attribute>
	<!--!-->
	<!--!-->
	<!--
1.8. Сложный тип Тип позиции классификатора
    -->
	<xsd:complexType name="clsfPosTypeType">
		<xsd:annotation>
			<xsd:documentation xml:lang="ru">Тип позиции классификатора представляет возможность отнести элемент классификатора к тому или иному типу, выбираемому из фиксированного набора. На экране вид обозначается рисунком, пиктограммой, означающей тот или иной тип. Имеется возможность задания элементу нескольких типов позиции, что определяется количеством типов, задаваемых в свойствах классификатора.  Множество типов, выбираемых для позиции может фильтроваться по группам
			 </xsd:documentation>
		</xsd:annotation>
		<xsd:attribute name="clsfPosTypeName" type="xsd:string">
			<xsd:annotation>
				<xsd:documentation xml:lang="ru">Наименование подзакладки для группы пиктограмм, обозначающих элементы классификатора</xsd:documentation>
			</xsd:annotation>
		</xsd:attribute>
		<xsd:attribute ref="posGroupName">
			<xsd:annotation>
				<xsd:documentation xml:lang="ru">Наименование группы пиктограмм, элементы которой используются в подзакладке для семантического различения элементов классификатора</xsd:documentation>
			</xsd:annotation>
		</xsd:attribute>
	</xsd:complexType>
	<!--!-->
	<!--!-->
	<!--
1.9. Сложный тип Элемент классификатора
    -->
	<xsd:complexType name="clsfItemType">
		<xsd:annotation>
			<xsd:documentation xml:lang="ru">Элемент классификатора – запись в классификаторе,  включающая в себя номер, наименование, пиктограмму(ы), шкалу(ы), комментарий, документ(ы), историю изменений</xsd:documentation>
		</xsd:annotation>
		<xsd:sequence>
			<!-- прошлый вариант:
              <xsd:element name="clsfItemNmb" type="clsfItemNmbType" minOccurs="1" maxOccurs="1"/>
              <xsd:element name="clsfItemName" type="string" minOccurs="1"  maxOccurs="1"/>
            -->
			<xsd:element ref="clsfItemPict" minOccurs="0" maxOccurs="5"/>
			<!--  
			<xsd:element name="clsfItemPict" type="begPictType" minOccurs="0" maxOccurs="5">   //"clsfPictQnt"
				<xsd:annotation>
					<xsd:documentation xml:lang="ru">Пиктограмма(ы) элемента классификатора</xsd:documentation>
				</xsd:annotation>
           </xsd:element>
            -->
			<xsd:element name="clsfItemScaleVal" type="clsfItemScaleValueType" minOccurs="0" maxOccurs="5">
				<xsd:annotation>
					<xsd:documentation xml:lang="ru">Значение (набор значений) шкалы элемента классификатора</xsd:documentation>
				</xsd:annotation>
				<!--"clsfScalesQnt"-->
			</xsd:element>
			<xsd:element name="clsfItemComment" minOccurs="0" maxOccurs="5">
				<xsd:annotation>
					<xsd:documentation xml:lang="ru">Комментарий к элементу классификатора</xsd:documentation>
				</xsd:annotation>
				<!--"clsfCommGroupQnt">-->
				<xsd:complexType>
					<xsd:attribute ref="clsfCommentGroupName" use="required">
						<xsd:annotation>
							<xsd:documentation xml:lang="ru">Наименование группы комментариев к элементам классификатора</xsd:documentation>
						</xsd:annotation>
					</xsd:attribute>
					<xsd:attribute name="clsfItemCommentText" type="xsd:string" use="required">
						<xsd:annotation>
							<xsd:documentation xml:lang="ru">Текст комментария к элементу классификатора</xsd:documentation>
						</xsd:annotation>
						<!--здесь, возможно, лучше через select, if makes up -->
					</xsd:attribute>
					<!-- <xsd:attribute ref="commGroup" use="required"/> -->
				</xsd:complexType>
			</xsd:element>
			<xsd:element name="clsfItemDoc" type="xsd:anyURI" minOccurs="0" maxOccurs="unbounded">
				<xsd:annotation>
					<xsd:documentation xml:lang="ru">Размещение и имя документа(ов), связанных с элементом классификатора</xsd:documentation>
				</xsd:annotation>
			</xsd:element>
			<xsd:element name="clsfItemHist" minOccurs="0" maxOccurs="unbounded">
				<xsd:annotation>
					<xsd:documentation xml:lang="ru">История изменений элемента классификатора</xsd:documentation>
				</xsd:annotation>
				<xsd:complexType>
					<xsd:attribute name="operDate" type="xsd:date">
						<xsd:annotation>
							<xsd:documentation xml:lang="ru">Дата изменений элемента классификатора</xsd:documentation>
						</xsd:annotation>
					</xsd:attribute>
					<xsd:attribute name="operTime" type="xsd:time">
						<xsd:annotation>
							<xsd:documentation xml:lang="ru">Время изменений элемента классификатора</xsd:documentation>
						</xsd:annotation>
					</xsd:attribute>
					<xsd:attribute name="editOper">
						<xsd:annotation>
							<xsd:documentation xml:lang="ru">Вид изменений элемента классификатора</xsd:documentation>
						</xsd:annotation>
						<xsd:simpleType>
							<xsd:restriction base="xsd:string">
								<xsd:enumeration value="Изменение свойств"/>
								<xsd:enumeration value="Сохранение"/>
								<xsd:enumeration value="Сохранение в наборе
                                      проекций"/>
							</xsd:restriction>
						</xsd:simpleType>
					</xsd:attribute>
					<xsd:attribute name="editor">
						<xsd:annotation>
							<xsd:documentation xml:lang="ru">Лицо, осуществившее изменение элемента классификатора</xsd:documentation>
						</xsd:annotation>
					</xsd:attribute>
				</xsd:complexType>
			</xsd:element>
		</xsd:sequence>
		<xsd:attribute ref="clsfItemNmb"/>
		<!--
		<xsd:attribute name="clsfItemNmb">
			<xsd:annotation>
				<xsd:documentation xml:lang="ru">Номер элемента классификатора</xsd:documentation>
			</xsd:annotation>
  		   <xsd:simpleType>
				<xsd:restriction base="xsd:string">
					<xsd:pattern value="(([0-9])+’.’)+"/>
				</xsd:restriction>
			</xsd:simpleType>
		</xsd:attribute>
        -->
        <xsd:attribute ref="clsfItemName"/>
        <!--
		<xsd:attribute name="clsfItemName" type="xsd:string">
			<xsd:annotation>
				<xsd:documentation xml:lang="ru">Наименование элемента классификатора</xsd:documentation>
			</xsd:annotation>
		</xsd:attribute>
       -->
	</xsd:complexType>
	<!--!-->
	<!--!-->
	<!--
1.10. Сложный тип Пиктограмма
    -->
	<xsd:complexType name="begPictType">
		<xsd:annotation>
			<xsd:documentation xml:lang="ru">Ссылка на пиктограмму модели. В интерфейсе ГосМастера - собственно пиктограмма, соответствующий группе понятий моделируемой предметной области</xsd:documentation>
		</xsd:annotation>
		<xsd:attribute name="pictRoleName" type="xsd:string">
			<xsd:annotation>
				<xsd:documentation xml:lang="ru">Ролевое имя пиктограммы</xsd:documentation>
			</xsd:annotation>
		</xsd:attribute>
		<xsd:attribute ref="posGroupName">
			<xsd:annotation>
				<xsd:documentation xml:lang="ru">Наименование элемента классификатора</xsd:documentation>
			</xsd:annotation>
		</xsd:attribute>
		<xsd:attribute name="pictTarget" type="xsd:anyURI">
			<xsd:annotation>
				<xsd:documentation xml:lang="ru">Местоположение пиктограммы</xsd:documentation>
			</xsd:annotation>
		</xsd:attribute>
	</xsd:complexType>
	<!--!-->
	<!--!-->
	<!--
1.11. Сложный тип Значение шкалы элемента классификатора
    -->
	<xsd:complexType name="clsfItemScaleValueType">
		<xsd:annotation>
			<xsd:documentation xml:lang="ru">Значение шкалы для элемента классификатора задается или вычисляется в соответствии с типом шкалы (шкал), установленным в свойствах классификатора. В зависимости от типа шкалы могут задаваться от одного до четырех значений. Остающееся значение (если  имееется) является вычисляемым.
			</xsd:documentation>
		</xsd:annotation>
		<xsd:choice>
			<xsd:element name="numericScale">
				<xsd:annotation>
					<xsd:documentation xml:lang="ru">Шкала численного типа</xsd:documentation>
				</xsd:annotation>
				<xsd:complexType>
					<xsd:attribute ref="scaleKind" fixed="1">
						<xsd:annotation>
							<xsd:documentation xml:lang="ru">Обозначение шкалы численного типа</xsd:documentation>
						</xsd:annotation>
					</xsd:attribute>
					<xsd:attribute name="clsfItemTot" type="xsd:decimal">
						<xsd:annotation>
							<xsd:documentation xml:lang="ru">(Итоговое) Значение шкалы для элемента классификатора</xsd:documentation>
						</xsd:annotation>
					</xsd:attribute>
					<xsd:attribute name="clsfItemFctr" type="xsd:decimal">
						<xsd:annotation>
							<xsd:documentation xml:lang="ru">Весовой коэффициент значения шкалы для элемента классификатора</xsd:documentation>
						</xsd:annotation>
					</xsd:attribute>
					<xsd:attribute name="clsfItemFnc">
						<xsd:annotation>
							<xsd:documentation xml:lang="ru">Вид расчета значения шкалы для элемента классификатора</xsd:documentation>
						</xsd:annotation>
						<xsd:simpleType>
							<xsd:restriction base="xsd:string">
								<xsd:enumeration value="1"/>
								<xsd:enumeration value="Сумма"/>
								<xsd:enumeration value="Количество"/>
								<xsd:enumeration value="Сумма с вложенными"/>
								<xsd:enumeration value="Среднее"/>
								<xsd:enumeration value="Минимум"/>
								<xsd:enumeration value="Максимум"/>
							</xsd:restriction>
						</xsd:simpleType>
					</xsd:attribute>
				</xsd:complexType>
			</xsd:element>
			<xsd:element name="timeScaleBegDate">
				<xsd:annotation>
					<xsd:documentation xml:lang="ru">Шкала дат начала событий</xsd:documentation>
				</xsd:annotation>
				<xsd:complexType>
					<xsd:attribute ref="scaleKind" fixed="Дата начала"/>
					<xsd:attribute ref="itemBeginDate"/>
				</xsd:complexType>
			</xsd:element>
			<xsd:element name="timeScaleEndDate">
				<xsd:annotation>
					<xsd:documentation xml:lang="ru">Шкала дат окончания событий</xsd:documentation>
				</xsd:annotation>
				<xsd:complexType>
					<xsd:attribute ref="scaleKind" fixed="Дата окончания"/>
					<xsd:attribute ref="itemEndDate"/>
				</xsd:complexType>
			</xsd:element>
			<xsd:element name="timeScalePerAbs">
				<xsd:annotation>
					<xsd:documentation xml:lang="ru">Шкала абсолютных времен событий</xsd:documentation>
				</xsd:annotation>
				<xsd:complexType>
					<xsd:attribute ref="scaleKind" fixed="Время (абс)"/>
					<xsd:attribute ref="itemBeginDate"/>
					<xsd:attribute ref="itemEndDate"/>
					<xsd:attribute ref="itemDuration"/>
				</xsd:complexType>
			</xsd:element>
			<xsd:element name="timeScalePerRel">
				<xsd:annotation>
					<xsd:documentation xml:lang="ru">Шкала относительных времен событий</xsd:documentation>
				</xsd:annotation>
				<xsd:complexType>
					<xsd:attribute ref="scaleKind" fixed="Время (отн)"/>
					<xsd:attribute name="itemRelBeginDate" type="xsd:integer">
						<xsd:annotation>
							<xsd:documentation xml:lang="ru">Относительное значение начала события, соответствующего элементу классификатора</xsd:documentation>
						</xsd:annotation>
					</xsd:attribute>
					<xsd:attribute name="itemRelEndDate" type="xsd:integer">
						<xsd:annotation>
							<xsd:documentation xml:lang="ru">Относительное значение окончания события, соответствующего элементу классификатора</xsd:documentation>
						</xsd:annotation>
					</xsd:attribute>
					<xsd:attribute ref="itemDuration"/>
					<xsd:attribute name="itemStartDate" type="xsd:date">
						<xsd:annotation>
							<xsd:documentation xml:lang="ru">Дата начала отсчета для события, соответствующего элементу классификатора</xsd:documentation>
						</xsd:annotation>
					</xsd:attribute>
					<xsd:attribute name="itemPeriodLength" type="xsd:integer">
						<xsd:annotation>
							<xsd:documentation xml:lang="ru">Продолжительность периода повторяемости события, соответствующего элементу классификатора</xsd:documentation>
						</xsd:annotation>
					</xsd:attribute>
				</xsd:complexType>
			</xsd:element>
		</xsd:choice>
		<!--<xsd:attribute ref="clsfScaleName"/>-->
		<!-- <xsd:complexContent> -->
		<!-- </xsd:complexContent>-->
	</xsd:complexType>
	<!--!-->
	<!--!-->
	<!--
2. XML-Schema схема проекции
-->
	<!--<xsd:include xmlns:dc="http://purl.org/dc/elements/1.1/" schemaLocation="k:/Leo_disk/Languages/Schemas/dc.xsd"/> -->
	<!--  <xsd:import namespace="e:/Leo_disk/Languages/Schemas/" schemaLocation="e:/Leo_disk/Languages/Schemas/dc.xsd">  </xsd:import> -->
	<!-- <xsd:import namespace="http://www.w3.org/2001/XMLSchema" schemaLocation="e:/Leo_disk/Languages/Schemas/dc.xsd">  </xsd:import> -->
	<!--
  <xsd:metadata>
   <dc:title>XML Schema схема проекций моделей ГосМастера</dc:title>
  <dc:description>см. ниже</dc:description>
  <dc:publisher>БИГ-СПб</dc:publisher>
  <dc:created>2006-06-01</dc:created>
  <dc:identifier>http://www.big.spb.ru</dc:identifier>
  </xsd:metadata>
   -->
	<!--!-->
	<xsd:annotation>
		<xsd:documentation source="http://www.big.spb.ru/TR/2006/20060607/projctn.html" xml:lang="ru">
      Нормативная схема для проекций моделей административного управления
      БИГ, отражающая синтаксические ограничения языка XML Schema
   </xsd:documentation>
	</xsd:annotation>
	<!--!-->
	<!--
2.0. Проекции модели   //возможно для ссылок при выборе в составных проекциях
-->
	<xsd:element name="modelPrjctns">
		<xsd:annotation>
			<xsd:documentation xml:lang="ru">Перечень всех проекций модели</xsd:documentation>
		</xsd:annotation>
		<xsd:complexType>
			<xsd:sequence>
				<xsd:element ref="begPrjctn" maxOccurs="unbounded"/>
			</xsd:sequence>
		</xsd:complexType>
	</xsd:element>
	<!--!-->
	<!--!-->
	<!--
2.1. Проекция
-->
	<xsd:element name="begPrjctn" type="prjctnType">
		<xsd:annotation>
			<xsd:documentation xml:lang="ru">Проекция модели</xsd:documentation>
		</xsd:annotation>
		<!-- Составное имя проекции для ссылок; в проекции явно не  присутствует -->
		<xsd:key name="prjctnCmpndName">
			<xsd:annotation>
				<xsd:documentation xml:lang="ru">Составное имя проекции для ссылок</xsd:documentation>
			</xsd:annotation>
			<xsd:selector xpath="begPrjctn"/>
			<xsd:field xpath="@prjctnNmb"/>
			<xsd:field xpath="@prjctnName"/>
		</xsd:key>
	</xsd:element>
	<!--!-->
	<!--!-->
	<!--
2.2. Сложный тип Проекция
-->
	<xsd:complexType name="prjctnType">
		<xsd:annotation>
			<xsd:documentation xml:lang="ru">
        Основные и вспомогательные связи компонент моделей различных видов:
        процессообразующие, функциональные назначения, ответственности и др.
     </xsd:documentation>
		</xsd:annotation>
		<xsd:sequence>
			<xsd:annotation>
				<xsd:documentation xml:lang="ru">Закладки  свойств проекции </xsd:documentation>
			</xsd:annotation>
			<!--  Закладка "Основные" свойств проекции   -->
			<xsd:element name="prjctnMainProp" type="prjctnMainPropType">
				<xsd:annotation>
					<xsd:documentation xml:lang="ru">Закладка "Основные" свойств проекции</xsd:documentation>
				</xsd:annotation>
			</xsd:element>
			<!--  Закладка "Типы" свойств проекции   -->
			<xsd:element name="prjctnSubArea" type="xsd:string" maxOccurs="10">
				<xsd:annotation>
					<xsd:documentation xml:lang="ru">Закладка "Типы" (подобласти модели) свойств проекции</xsd:documentation>
				</xsd:annotation>
			</xsd:element>
			<!-- modelSubAreaQnt" определить для модели -->
			<xsd:element name="prjctnItemChar" type="prjctnItemCharType" maxOccurs="unbounded">
				<xsd:annotation>
					<xsd:documentation xml:lang="ru">Закладка "Характеристики связей" свойств проекции</xsd:documentation>
				</xsd:annotation>
			</xsd:element>
			<xsd:sequence>
				<xsd:annotation>
					<xsd:documentation xml:lang="ru">Собственно связи проекции</xsd:documentation>
				</xsd:annotation>
				<xsd:element name="prjctnItem" type="prjctnItemType" maxOccurs="unbounded"/>
			</xsd:sequence>
		</xsd:sequence>
	</xsd:complexType>
	<!--!-->
	<!--!-->
	<!--
2.3. Сложный тип Основные свойства проекции
-->
	<xsd:complexType name="prjctnMainPropType">
		<xsd:annotation>
			<xsd:documentation xml:lang="ru"> Закладка "Основные" свойств проекции</xsd:documentation>
		</xsd:annotation>
		<xsd:attribute name="prjctnLeftClsf" type="clsfCmpndName">
			<xsd:annotation>
				<xsd:documentation xml:lang="ru">Имя левого классификатора проекции</xsd:documentation>
			</xsd:annotation>
		</xsd:attribute>
		<xsd:attribute name="prjctnRightClsf" type="clsfCmpndName">
			<xsd:annotation>
				<xsd:documentation xml:lang="ru">Имя правого классификатора проекции</xsd:documentation>
			</xsd:annotation>
		</xsd:attribute>
		<xsd:attribute name="prjctnLinkClsf" type="clsfCmpndName">
			<xsd:annotation>
				<xsd:documentation xml:lang="ru">Имя классификатора связи проекции</xsd:documentation>
			</xsd:annotation>
		</xsd:attribute>
		<xsd:attribute name="prjctnNmb">
			<xsd:annotation>
				<xsd:documentation xml:lang="ru">Номер проекции</xsd:documentation>
			</xsd:annotation>
			<xsd:simpleType>
				<xsd:restriction base="xsd:string">
					<xsd:pattern value="(([0-9])+’.’)+"/>
				</xsd:restriction>
			</xsd:simpleType>
		</xsd:attribute>
		<xsd:attribute name="prjctnName" type="xsd:string">
			<xsd:annotation>
				<xsd:documentation xml:lang="ru">Название проекции</xsd:documentation>
			</xsd:annotation>
		</xsd:attribute>
		<xsd:attribute name="prjctnEditDate" type="xsd:date">
			<xsd:annotation>
				<xsd:documentation xml:lang="ru">Дата создания или редактирования проекции</xsd:documentation>
			</xsd:annotation>
		</xsd:attribute>
		<xsd:attribute name="prjctnEditor" type="xsd:string">
			<xsd:annotation>
				<xsd:documentation xml:lang="ru">Автор/редактор проекции</xsd:documentation>
			</xsd:annotation>
		</xsd:attribute>
		<xsd:attribute name="prjctnComment" type="xsd:string">
			<xsd:annotation>
				<xsd:documentation xml:lang="ru">Общий комментарий к проекции</xsd:documentation>
			</xsd:annotation>
		</xsd:attribute>
		<!--
		<xsd:attribute name="prjctnCmpndName"/>
        -->
		<!-- <xsd:sequence> -->
		<!-- Составное имя проекции для ссылок; в проекции явно не  присутствует -->
		<!--
        <xsd:unique="prjctnCmpndName">
            <xsd:selector xpath="begPrjctn"/> 
            <xsd:field    xpath="@prjctnNmb"/>
            <xsd:field    xpath="@prjctnName"/>
        </xsd:unique>
         -->
		<!-- </xsd:sequence> -->
	</xsd:complexType>
	<!--!-->
	<!--!-->
	<!-- Вспомогательное объявление элемента  "clsfCmpndName" совпадающего с prptClsfCmpndName -->
	<xsd:simpleType name="clsfCmpndName">
		<xsd:annotation>
			<xsd:documentation xml:lang="ru">Составное имя классификатора (для ссылок в проекциях)</xsd:documentation>
		</xsd:annotation>
		<!--<xsd:restriction base="xsd:string"/>-->
		<xsd:restriction base="xsd:string">
			<xsd:pattern value="(clsfNmb)#x20(clsfName)"/>
		</xsd:restriction>
	</xsd:simpleType>
	<!--!-->
	<!--!-->
	<!--
2.4. Сложный тип Тип характеристики связей проекции
-->
	<xsd:complexType name="prjctnItemCharType">
		<xsd:annotation>
			<xsd:documentation xml:lang="ru">
         Закладка "Характеристики связей" свойств проекции
      </xsd:documentation>
		</xsd:annotation>
		<xsd:attribute name="prjctnType">
			<xsd:annotation>
				<xsd:documentation xml:lang="ru">Тип проекции; определяет ролевой характер связей проекции</xsd:documentation>
			</xsd:annotation>
			<xsd:simpleType>
				<xsd:restriction base="xsd:string">
					<xsd:enumeration value="  "/>
					<xsd:enumeration value="Вх/Вых/Упр"/>
					<xsd:enumeration value="Вх/Вых/Исп"/>
					<xsd:enumeration value="Исп"/>
					<xsd:enumeration value="Упр"/>
					<xsd:enumeration value="Чт/Зп"/>
				</xsd:restriction>
			</xsd:simpleType>
		</xsd:attribute>
		<xsd:attribute name="clsfIdx" type="clsfCmpndName">   <!-- default="empty"> -->
			<xsd:annotation>
				<xsd:documentation xml:lang="ru">Составное имя классификатора индексов проекции</xsd:documentation>
			</xsd:annotation>
		</xsd:attribute>
		<!-- <xsd:attribute name="pictSet" type="posGroupName">-->
		<xsd:attribute ref="posGroupName">
			<xsd:annotation>
				<xsd:documentation xml:lang="ru">Набор пиктограмм для проекции</xsd:documentation>
			</xsd:annotation>
		</xsd:attribute>
		<!--
   <xsd:annotation> <xsd:documentation xml:lang="ru">
      Обозначения связей проекции, флаг показа объединяющих связей
      верхних уровней и флаг отображения зеркальных связей не приводятся,
      так как определяют лишь экранное представление проекции
   </xsd:documentation> </xsd:annotation>
       !-->
		<!-- классификатор индексов -->
		<!-- former version: 
              <xsd:element name="prptClsfCmpndName" minOccurs="0" maxOccurs="1">
              <xsd:complexType> etc.
             </xsd:element>
        -->
		<!-- набор пикт. - in re – тип проекции -->
	</xsd:complexType>
	<!-- Что это за пиктограмма и где она используется ??? -->
	<!--!-->
	<!--!-->
	<!-- заглушка модификации элемента другой схемы (1.)6. "posGroupName" -->
	<!--
	<xsd:simpleType name="groupName">
		<xsd:annotation>
			<xsd:documentation xml:lang="ru">Группа пиктограмм (определена в схеме классификатора)</xsd:documentation>
		</xsd:annotation>
		<xsd:restriction base="xsd:string"/>
	</xsd:simpleType>
    -->
	<!--!-->
	<!--!-->
	<!--
2.5. Сложный тип Тип связи проекции
-->
	<xsd:complexType name="prjctnItemType">
		<xsd:annotation>
			<xsd:documentation xml:lang="ru">Связь проекции – это элемент проекции, включающий в себя номера пунктов, наименования, пиктограмму(ы)
       связываемых классификаторов, тип связи, свойство ее связи
      </xsd:documentation>
		</xsd:annotation>
		<xsd:sequence>
			<xsd:element name="leftClsfItem" type="clsfItemRef">
				<xsd:annotation>
					<xsd:documentation xml:lang="ru">Связываемый элемент левого классификатора проекции</xsd:documentation>
				</xsd:annotation>
			</xsd:element>
			<xsd:element name="rightClsfItem" type="clsfItemRef">
				<xsd:annotation>
					<xsd:documentation xml:lang="ru">Связываемый элемент правого классификатора проекции</xsd:documentation>
				</xsd:annotation>
			</xsd:element>
			<xsd:element name="linkDirection">
				<xsd:annotation>
					<xsd:documentation xml:lang="ru">Направление связи между элементами  классификаторов проекции</xsd:documentation>
				</xsd:annotation>
				<!-- type="linkDirectionType" -->
				<xsd:simpleType>
					<xsd:restriction base="xsd:string">
						<xsd:enumeration value="direct"/>
						<xsd:enumeration value="back"/>
						<xsd:enumeration value="bidirectional"/>
					</xsd:restriction>
				</xsd:simpleType>
			</xsd:element>
			<xsd:element name="prjctnItemNameCnd" type="prjctnItemNameType" minOccurs="0">
				<xsd:annotation>
					<xsd:documentation xml:lang="ru">Наименование связи между элементами с возможным условием</xsd:documentation>
				</xsd:annotation>
				<!-- пришлось включить грамматически -->
			</xsd:element>
		</xsd:sequence>
		<xsd:attribute name="prjctnItemNmb" type="xsd:positiveInteger">
			<xsd:annotation>
				<xsd:documentation xml:lang="ru">Номер связи для связываемой пары элементов классфикаторов</xsd:documentation>
			</xsd:annotation>
		</xsd:attribute>
		<xsd:attribute name="prjctnItemChrct" type="xsd:string" use="optional">
			<xsd:annotation>
				<xsd:documentation xml:lang="ru">Характеристика связи проекции. Обычно - наименование процесса, к которому подуключена связь</xsd:documentation>
			</xsd:annotation>
		</xsd:attribute>
		<xsd:attribute name="prjctnItemWeight" type="xsd:decimal" use="optional">
			<xsd:annotation>
				<xsd:documentation xml:lang="ru">Численный показатель веса связи</xsd:documentation>
			</xsd:annotation>
		</xsd:attribute>
		<xsd:attribute name="prjctnItemDoc" type="xsd:string" use="optional">
			<xsd:annotation>
				<xsd:documentation xml:lang="ru">Документ, соответствующий связи проекции</xsd:documentation>
			</xsd:annotation>
		</xsd:attribute>
	</xsd:complexType>
	<!--!-->
	<!--!-->
	<!-- 
2.6. Сложный тип Элемент классификатора в проекции
    -->
	<xsd:complexType name="clsfItemRef">
		<xsd:annotation>
			<xsd:documentation xml:lang="ru">Указание элемента классификатора в элементе (связи) проекции,
       включающее в себя номера элемента, его наименование, пиктограмму(ы)
      </xsd:documentation>
		</xsd:annotation>
		<xsd:sequence>
			<xsd:element ref="clsfItemPict">
				<xsd:annotation>
					<xsd:documentation xml:lang="ru">Пиктограмма, соответствующая элементу классификатора</xsd:documentation>
				</xsd:annotation>
			</xsd:element>
		</xsd:sequence>
		<xsd:attribute ref="clsfItemNmb">
			<xsd:annotation>
				<xsd:documentation xml:lang="ru">Номер элемента классификатора</xsd:documentation>
			</xsd:annotation>
		</xsd:attribute>
		<xsd:attribute ref="clsfItemName">
			<xsd:annotation>
				<xsd:documentation xml:lang="ru">Наименование элемента классификатора</xsd:documentation>
			</xsd:annotation>
		</xsd:attribute>
	</xsd:complexType>
	<!--!-->
	<!--!-->
	<!--
2.7. Сложный тип Наименование элемента проекции
-->
	<xsd:complexType name="prjctnItemNameType">
		<xsd:annotation>
			<xsd:documentation xml:lang="ru">
       Наименование элемента (связи) проекции включает в себя собственно
       название элемента (связи), а в случае наличия у проекции
       классификатора индексов (условий) и условия действительности этой
       связи
       </xsd:documentation>
		</xsd:annotation>
		<xsd:sequence>
			<xsd:element name="prjctnItemName" type="xsd:string">
				<xsd:annotation>
					<xsd:documentation xml:lang="ru">Наименование связи (может содержать доп.информацию)</xsd:documentation>
				</xsd:annotation>
			</xsd:element>
		</xsd:sequence>
		<xsd:attribute ref="clsfItemName">
			<xsd:annotation>
				<xsd:documentation xml:lang="ru">Условие действительности связи из классификатора индексов, если таковаой задан</xsd:documentation>
			</xsd:annotation>
			<!-- условие из клсф усл., if any-->
		</xsd:attribute>
	</xsd:complexType>
	<!--!-->
	<!--!-->
</xsd:schema>
