<?xml version="1.0" encoding="UTF-8"?>
<!-- edited with XMLSpy v2006 sp2 U (http://www.altova.com) by VVS (BSS) -->
<!--
XML-Schema схема классификатора
-->
<!-- XML Schema meta schema for administrative management models: Part 1: Classifiers v.0.9 -->
<!--
0. Классификаторы модели
1. Классификатор
2. Сложный тип Классификатор (clsfType)
3. Сложный тип Основные свойства классификатора
4. Сложный тип Дополнительные свойства классификатора
5. Сложный тип Шкала классификатора
6. Атрибут Группа пиктограмм (перечисление задается для конкретной модели) 
7. Сложный тип Тип позиции классификатора
8. Сложный тип Элемент классификатора
9. Сложный тип Пиктограмма
10. Сложный тип Значение шкалы элемента классификатора
-->
<xsd:schema xmlns:xsd="http://www.w3.org/2001/XMLSchema" xmlns:hfp="http://www.w3.org/2000/10/XMLSchema-hasFacetAndProperty" xmlns:dc="http://purl.org/dc/elements/1.1/" elementFormDefault="qualified" attributeFormDefault="unqualified" version="1.0">
	<xsd:annotation>
		<xsd:documentation xml:lang="ru">
      source="http://www.big.spb.ru/TR/2006/20060607/classif.html">
      Нормативная схема для классификаторов моделей административного
      управления БИГ, отражающая синтаксические ограничения языка XML Schema
   </xsd:documentation>
	</xsd:annotation>
	<!-- modelSubAreaQnt=10 -->
	<!--clsfPictQnt=5-->
	<!--clsfScalesQnt=5-->
	<!--clsfCommGroupQnt=5-->
	<!--in re = unbounded-->
	<!--
0. Классификаторы модели   //надо ли  ??? возможно для ссылок при выборе в свойствах 
                                               и проекциях
-->
	<xsd:element name="modelClassifiers">
		<xsd:annotation>
			<xsd:documentation xml:lang="ru">Перечень всех классификаторов модели</xsd:documentation>
		</xsd:annotation>
		<xsd:complexType>
			<xsd:sequence>
				<xsd:element ref="begClassifier" maxOccurs="unbounded"/>
			</xsd:sequence>
		</xsd:complexType>
	</xsd:element>
	<!--!-->
	<!--!-->
	<!--
1. Классификатор
    -->
	<xsd:element name="begClassifier" type="clsfType">
		<xsd:annotation>
			<xsd:documentation xml:lang="ru">Классификатор, отображающий какую-либо сущность модели или некоторое ее вспомогательное множество</xsd:documentation>
		</xsd:annotation>
		<!-- Уникальность составного имени классификатора для ссылок -->
		<xsd:key name="clsfCmpndNameKey">
			<xsd:annotation>
				<xsd:documentation xml:lang="ru">Уникальное в пределах модели составное имя классификатора, состоящее из его номера и наименования</xsd:documentation>
			</xsd:annotation>
			<xsd:selector xpath="begClassifier/clsfMainProp"/>
			<xsd:field xpath="@clsfNmb"/>
			<xsd:field xpath="@clsfName"/>
		</xsd:key>
	</xsd:element>
	<!--!-->
	<!--!-->
	<!--
2. Сложный тип Классификатор
    -->
	<xsd:complexType name="clsfType">
		<xsd:annotation>
			<xsd:documentation xml:lang="ru">
       Основные компоненты-классы моделей различных видов,
       списки значений условий завершения и др.
     </xsd:documentation>
		</xsd:annotation>
		<xsd:sequence>
			<xsd:element name="clsfMainProp" type="clsfMainPropType">
				<xsd:annotation>
					<xsd:documentation xml:lang="ru">Закладка "Основные" свойств классификатора</xsd:documentation>
				</xsd:annotation>
			</xsd:element>
			<xsd:element name="clsfAuxProp" type="clsfAuxPropType">
				<xsd:annotation>
					<xsd:documentation xml:lang="ru">Закладка "Дополнительно" свойств классификатора</xsd:documentation>
				</xsd:annotation>
			</xsd:element>
			<xsd:element name="clsfCommentGroup" maxOccurs="unbounded">
				<xsd:annotation>
					<xsd:documentation xml:lang="ru">Группа комментарие, задаваемая в закладке "Комментарий" свойств классификатора</xsd:documentation>
				</xsd:annotation>
				<xsd:complexType>
					<xsd:attribute ref="clsfCommentGroupName" default="Комментарий">
						<xsd:annotation>
							<xsd:documentation xml:lang="ru">Наименование группы комментариев классификатора</xsd:documentation>
						</xsd:annotation>
					</xsd:attribute>
				</xsd:complexType>
				<!-- <xsd:key name="cmmntGrp">
          			<xsd:selector xpath="clsfType"/>
          			<xsd:field xpath="clsfCommentGroupName"/>	
				</xsd:key>
				<xsd:keyref name="commGroup"   refer="cmmntGrp">
          			<xsd:selector xpath="clsfType"/>
          			<xsd:field xpath="@clsfCommentGroupName"/>	
				</xsd:keyref> -->
			</xsd:element>
			<xsd:sequence>
				<xsd:annotation>
					<xsd:documentation xml:lang="ru">Закладка "Атрибуты" свойств классификатора</xsd:documentation>
				</xsd:annotation>
				<xsd:element name="clsfScale" type="clsfScaleType" maxOccurs="unbounded">
					<xsd:annotation>
						<xsd:documentation xml:lang="ru">Набор числовых, временных или вычислимых значений, сопоставленных элементам классификатора</xsd:documentation>
					</xsd:annotation>
				</xsd:element>
				<xsd:element name="clsfPosType" type="clsfPosTypeType" maxOccurs="unbounded">
					<xsd:annotation>
						<xsd:documentation xml:lang="ru">Набор пиктограмм, элементы которого сопоставлены элементам классификатора</xsd:documentation>
					</xsd:annotation>
				</xsd:element>
			</xsd:sequence>
			<xsd:sequence>
				<xsd:annotation>
					<xsd:documentation xml:lang="ru">Закладка "Вид" свойств классификатора не описывается, так как ее элементы определяют лишь экранное представление классификатора и не отображают состав и/или семантику модели</xsd:documentation>
				</xsd:annotation>
			</xsd:sequence>
			<xsd:sequence>
				<xsd:annotation>
					<xsd:documentation xml:lang="ru">Собственно элементы классификатора</xsd:documentation>
				</xsd:annotation>
				<xsd:element name="clsfItem" type="clsfItemType" maxOccurs="unbounded"/>
			</xsd:sequence>
		</xsd:sequence>
		<!--
		<xsd:attribute name="clsfMainProp" type="clsfMainPropType">
			<xsd:annotation>
				<xsd:documentation xml:lang="ru">Закладка "Основные" свойств классификатора</xsd:documentation>
			</xsd:annotation>
		</xsd:attribute>
        -->
	</xsd:complexType>
	<!--!-->
	<!--!-->
	<!--
3. Сложный тип Основные свойства классификатора
    -->
	<xsd:complexType name="clsfMainPropType">
		<xsd:annotation>
			<xsd:documentation xml:lang="ru">Закладка "Основные" свойств классификатора</xsd:documentation>
		</xsd:annotation>
		<xsd:attribute name="clsfNmb">
			<xsd:annotation>
				<xsd:documentation xml:lang="ru">Номер классификатора</xsd:documentation>
			</xsd:annotation>
			<xsd:simpleType>
				<xsd:restriction base="xsd:string">
					<xsd:pattern value="(([0-9])+’.’)+"/>
				</xsd:restriction>
			</xsd:simpleType>
		</xsd:attribute>
		<xsd:attribute name="clsfName" type="xsd:string">
			<xsd:annotation>
				<xsd:documentation xml:lang="ru">Наименование классификатора</xsd:documentation>
			</xsd:annotation>
		</xsd:attribute>
		<xsd:attribute name="clsfEditDate" type="xsd:date">
			<xsd:annotation>
				<xsd:documentation xml:lang="ru">Дата создания/изменения классификатора</xsd:documentation>
			</xsd:annotation>
		</xsd:attribute>
		<xsd:attribute name="clsfEditor" type="xsd:string">
			<xsd:annotation>
				<xsd:documentation xml:lang="ru">Автор/редактор классификатора</xsd:documentation>
			</xsd:annotation>
		</xsd:attribute>
		<xsd:attribute name="clsfComment" type="xsd:string">
			<xsd:annotation>
				<xsd:documentation xml:lang="ru">Общий комментарий к классификатору</xsd:documentation>
			</xsd:annotation>
		</xsd:attribute>
		<!-- ??? так ли -->
		<!--
   <xsd:unique name="clsfCmpndName">
   <xsd:annotation>
      <xsd:documentation xml:lang="ru">Составное имя классификатора для ссылок; в классификаторе явно не
         присутствует
      </xsd:documentation>
   </xsd:annotation>
      <xsd:selector xpath="classifier"/>
      <xsd:field    xpath="@clsfNmb"/>
      <xsd:field    xpath="@clsfName"/>
   </xsd:unique>
-->
	</xsd:complexType>
	<!--!-->
	<!--!-->
	<!--
4. Сложный тип Дополнительные свойства классификатора
-->
	<xsd:complexType name="clsfAuxPropType">
		<xsd:annotation>
			<xsd:documentation xml:lang="ru">Тип закладки "Дополнительно" свойств классификатора</xsd:documentation>
		</xsd:annotation>
		<xsd:sequence>
			<!-- Составное имя классификатора свойств (для ссылок); в классификаторе se ipse явно не  присутствует -->
			<xsd:element name="prptClsfCmpndName" minOccurs="0">
				<!-- классификатор свойств -->
		         <xsd:annotation>
				     <xsd:documentation xml:lang="ru">Классификатор свойств</xsd:documentation>
			     </xsd:annotation>
				<xsd:simpleType>
					<xsd:restriction base="xsd:string">
						<xsd:pattern value="(clsfNmb)#x20(clsfName)"/>
					</xsd:restriction>
				</xsd:simpleType>
			</xsd:element>
			<!--<xsd:element ref="clsfCmpndName"/>   классификатор свойств -->
			<xsd:element name="clsfPropLnk" type="xsd:string">
				 <xsd:annotation>
				     <xsd:documentation xml:lang="ru">Назначение свойств (проекция основной классификатор - классификатор свойств)</xsd:documentation>
				           <!-- in re prjctnCmpndName-->
			     </xsd:annotation>
            </xsd:element>
			<xsd:element name="clsfSubArea" type="modelSubAreaType" maxOccurs="10">
				 <xsd:annotation>
				     <xsd:documentation xml:lang="ru">Подобласть(и) модели, к которой(ым) относится классификатор</xsd:documentation>
			     </xsd:annotation>
            </xsd:element>
		</xsd:sequence>
		<!-- former version: 
        <xsd:element name="prptClsfCmpndName" minOccurs="0" maxOccurs="1">
             <xsd:complexType>
                 <xsd:attribute name="clsfNmb">
                     <xsd:simpleType>
                         <xsd:restriction base="xsd:string">
                             <xsd:pattern value="(([0-9])+’.’)+"/>
                         </xsd:restriction>
                     </xsd:simpleType>
                 </xsd:attribute>
                 <xsd:attribute name="clsfName" type="xsd:string"/>
             </xsd:complexType>
         </xsd:element>-->
	</xsd:complexType>
	<!--!-->
	<!--!-->
		<!--
5. Простой тип Предметные области модели
-->
	<xsd:simpleType name="modelSubAreaType">
		 <xsd:annotation>
			 <xsd:documentation xml:lang="ru">Подобласти (предметные области)  модели. ("Типы" в закладке "Дополнительно"). Перечень не регламентирован</xsd:documentation>
		</xsd:annotation>
		<xsd:restriction base="xsd:string">
			<!--  Пополняется для конкретного направления моделирвоания
				<xsd:enumeration value="Организационное проектирование"/>
				<xsd:enumeration value="Стратегическое планирование"/>
				<xsd:enumeration value="Модели данных"/>
				<xsd:enumeration value="Модели процессов"/>
				<xsd:enumeration value="Модели качества"/>
				<xsd:enumeration value="Служебный"/>
              -->
		</xsd:restriction>
	</xsd:simpleType>
	<!--!-->
	<!--!-->
	<!--
6. Сложный тип Шкала классификатора
    -->
	<xsd:complexType name="clsfScaleType">
		<xsd:annotation>
			<xsd:documentation xml:lang="ru">
         Шкала классификатора обеспечивает возможность задания числовых и
         временных характеристик элементов классификатора, которые могут
         использоваться для получения различных оценок моделируемых
         процессов. Имеется 6 типов шкал, перечисленных ниже. Каждая шкала
         имеет наименование, тип и от одного до трех атрибутов.
      </xsd:documentation>
		</xsd:annotation>
		<xsd:attribute name="clsfScaleName" type="xsd:string" default="1 Шкала"/>
		<xsd:attribute name="scaleKind" default="Числовая">
			<xsd:simpleType>
				<xsd:restriction base="xsd:string">
					<xsd:enumeration value="Числовая"/>
					<xsd:enumeration value="Время (абс)"/>
					<xsd:enumeration value="Время (период)"/>
					<xsd:enumeration value="Дата начала"/>
					<xsd:enumeration value="Дата окончания"/>
					<xsd:enumeration value="Вычислимая"/>
				</xsd:restriction>
			</xsd:simpleType>
		</xsd:attribute>
	</xsd:complexType>
	<!--!-->
	<!--!-->
	<!--
7. Атрибут Группа пиктограмм (перечисление задается для конкретной модели) 
    -->
	<xsd:attribute name="posGroupName">
		<xsd:annotation>
			<xsd:documentation xml:lang="ru">
       Перечисление групп пиктограмм, используемых в конкретной модели
       Всегда присутствует value="Все пиктограммы"
   </xsd:documentation>
		</xsd:annotation>
		<xsd:simpleType>
			<xsd:restriction base="xsd:string">
				<xsd:enumeration value="Все пиктограммы"/>
				<xsd:enumeration value="Группа процесса"/>
				<xsd:enumeration value="Роли участников процесса"/>
				<xsd:enumeration value="Хранилища"/>
				<!-- !!! дать объединение -->
			</xsd:restriction>
		</xsd:simpleType>
	</xsd:attribute>
	<!--!-->
	<!--!-->
	<!--
8. Сложный тип Тип позиции классификатора
    -->
	<xsd:complexType name="clsfPosTypeType">
		<xsd:annotation>
			<xsd:documentation xml:lang="ru">
         Тип позиции классификатора представляет возможность отнести
         элемент классификатора к тому или иному типу, выбираемому из
         фиксированного набора. На экране вид обозначается рисунком,
         пиктограммой, означающей тот или иной тип. Имеется возможность
         задания элементу нескольких типов позиции, что определяется
         количеством типов, задаваемых в свойствах классификатора
         Множество типов, выбираемых для позиции может фильтроваться по
         группам
      </xsd:documentation>
		</xsd:annotation>
		<xsd:attribute name="clsfPosTypeName" type="xsd:string"/>
		<xsd:attribute ref="posGroupName"/>
	</xsd:complexType>
	<!--!-->
	<!--!-->
	<!--
9. Сложный тип Элемент классификатора
    -->
	<xsd:complexType name="clsfItemType">
		<xsd:annotation>
			<xsd:documentation xml:lang="ru">
       Элемент классификатора – это запись в классификаторе,
       включающая в себя номер, наименование, пиктограмму(ы),
       шкалу(ы), комментарий, документ(ы), историю изменений
      </xsd:documentation>
		</xsd:annotation>
		<xsd:sequence>
			<!-- прошлый вариант:
              <xsd:element name="clsfItemNmb" type="clsfItemNmbType" minOccurs="1" maxOccurs="1"/>
              <xsd:element name="clsfItemName" type="string" minOccurs="1"  maxOccurs="1"/>
            -->
			<xsd:element name="clsfItemPict" type="begPictType" minOccurs="0" maxOccurs="5"/>
			<!--"clsfPictQnt" -->
			<xsd:element name="clsfItemScaleVal" type="clsfItemScaleValueType" minOccurs="0" maxOccurs="5"/>
			<!--"clsfScalesQnt"-->
			<xsd:element name="clsfItemComment" minOccurs="0" maxOccurs="5">
				<!--"clsfCommGroupQnt">-->
				<xsd:complexType>
					<xsd:attribute ref="clsfCommentGroupName" use="required"/>
				    <!-- <xsd:attribute ref="commGroup" use="required"/> -->
					<xsd:attribute name="clsfItemCommentText" type="xsd:string" use="required"/>
					<!--здесь, возможно, лучше через select, if makes up -->
				</xsd:complexType>
			</xsd:element>
			<xsd:element name="clsfItemDoc" type="xsd:anyURI" minOccurs="0" maxOccurs="unbounded"/>
			<xsd:element name="clsfItemHist" minOccurs="0" maxOccurs="unbounded">
				<xsd:complexType>
					<xsd:attribute name="operDate" type="xsd:date"/>
					<xsd:attribute name="operTime" type="xsd:time"/>
					<xsd:attribute name="editOper">
						<xsd:simpleType>
							<xsd:restriction base="xsd:string">
								<xsd:enumeration value="Изменение свойств"/>
								<xsd:enumeration value="Сохранение"/>
								<xsd:enumeration value="Сохранение в наборе
                                      проекций"/>
							</xsd:restriction>
						</xsd:simpleType>
					</xsd:attribute>
					<xsd:attribute name="editor"/>
				</xsd:complexType>
			</xsd:element>
		</xsd:sequence>
		<xsd:attribute name="clsfItemNmb">
			<!-- семантика номера, определяющая иерархию элементов, здесь не раскрывается -->
			<xsd:simpleType>
				<xsd:restriction base="xsd:string">
					<xsd:pattern value="(([0-9])+’.’)+"/>
				</xsd:restriction>
			</xsd:simpleType>
		</xsd:attribute>
		<xsd:attribute name="clsfItemName" type="xsd:string"/>
	</xsd:complexType>
	<!--!-->
	<!--!-->
	<!--
10. Сложный тип Пиктограмма
    -->
	<xsd:complexType name="begPictType">
		<xsd:annotation>
			<xsd:documentation xml:lang="ru">
       Пиктограмма в XML-описании модели представляет собой ссылку на !!!!
       рисунок, соответствующий группе понятий моделируемой предметной
       области
   </xsd:documentation>
		</xsd:annotation>
		<xsd:attribute name="pictRoleName" type="xsd:string"/>
		<xsd:attribute ref="posGroupName"/>
		<xsd:attribute name="pictTarget" type="xsd:anyURI"/>
	</xsd:complexType>
	<!--!-->
	<!--!-->
	<!-- Вспомогательные объявления атрибутов для ссылок на них-->
	<xsd:attribute name="clsfCommentGroupName" type="xsd:string"/>
	<xsd:attribute name="scaleKind" type="xsd:string"/>
	<xsd:attribute name="itemBeginDate" type="xsd:date"/>
	<xsd:attribute name="itemEndDate" type="xsd:date"/>
	<xsd:attribute name="itemDuration" type="xsd:integer"/>
	<!--!-->
	<!--!-->
	<!--
11. Сложный тип Значение шкалы элемента классификатора
    -->
	<xsd:complexType name="clsfItemScaleValueType">
		<xsd:annotation>
			<xsd:documentation xml:lang="ru">
         Значение шкалы для элемента классификатора задается или
         вычисляется в соответствии с типом шкалы (шкал), установленным
         в свойствах классификатора. В зависимости от типа шкалы могут
         задаваться от одного до двух значений. Третье значение (если
         имеется) является вычисляемым.
      </xsd:documentation>
		</xsd:annotation>
		<xsd:choice>
			<xsd:element name="numericScale">
				<xsd:complexType>
					<xsd:attribute ref="scaleKind" fixed="1"/>
					<xsd:attribute name="clsfItemTot" type="xsd:decimal"/>
					<xsd:attribute name="clsfItemFctr" type="xsd:decimal"/>
					<xsd:attribute name="clsfItemFnc">
						<xsd:simpleType>
							<xsd:restriction base="xsd:string">
								<xsd:enumeration value="1"/>
								<xsd:enumeration value="Сумма"/>
								<xsd:enumeration value="Количество"/>
								<xsd:enumeration value="Сумма с вложенными"/>
								<xsd:enumeration value="Среднее"/>
								<xsd:enumeration value="Минимум"/>
								<xsd:enumeration value="Максимум"/>
							</xsd:restriction>
						</xsd:simpleType>
					</xsd:attribute>
				</xsd:complexType>
			</xsd:element>
			<xsd:element name="timeScaleBeg">
				<xsd:complexType>
					<xsd:attribute ref="scaleKind" fixed="Дата начала"/>
					<xsd:attribute ref="itemBeginDate"/>
				</xsd:complexType>
			</xsd:element>
			<xsd:element name="timeScaleEnd">
				<xsd:complexType>
					<xsd:attribute ref="scaleKind" fixed="Дата окончания"/>
					<xsd:attribute ref="itemEndDate"/>
				</xsd:complexType>
			</xsd:element>
			<xsd:element name="timeScalePerAbs">
				<xsd:complexType>
					<xsd:attribute ref="scaleKind" fixed="Время (абс)"/>
					<xsd:attribute ref="itemBeginDate"/>
					<xsd:attribute ref="itemEndDate"/>
					<xsd:attribute ref="itemDuration"/>
				</xsd:complexType>
			</xsd:element>
			<xsd:element name="timeScalePerRel">
				<xsd:complexType>
					<xsd:attribute ref="scaleKind" fixed="Время (отн)"/>
					<xsd:attribute name="itemRelBeginDate" type="xsd:integer"/>
					<xsd:attribute name="itemRelEndDate" type="xsd:integer"/>
					<xsd:attribute ref="itemDuration"/>
					<xsd:attribute name="itemStartDate" type="xsd:date"/>
					<xsd:attribute name="itemPeriodLength" type="xsd:integer"/>
				</xsd:complexType>
			</xsd:element>
		</xsd:choice>
		<!--<xsd:attribute ref="clsfScaleName"/>-->
		<!-- <xsd:complexContent> -->
		<!-- </xsd:complexContent>-->
	</xsd:complexType>
	<!--!-->
	<!--!-->
</xsd:schema>
