<?xml version="1.0" encoding="UTF-8"?>
<!-- edited with XMLSpy v2006 sp2 U (http://www.altova.com) by VVS (BSS) -->
<!--
XML-Schema схема проекции
-->
<xs:schema xmlns:xs="http://www.w3.org/2001/XMLSchema" xmlns:hfp="http://www.w3.org/2000/10/XMLSchema-hasFacetAndProperty" xmlns:xsd="http://www.w3.org/2001/XMLSchema" xmlns:dc="http://purl.org/dc/elements/1.1/" elementFormDefault="qualified" attributeFormDefault="unqualified" version="1.0">
	<!--!-->
	<!--<xs:include xmlns:dc="http://purl.org/dc/elements/1.1/" schemaLocation="k:/Leo_disk/Languages/Schemas/dc.xsd"/> -->
	<!--  <xs:import namespace="e:/Leo_disk/Languages/Schemas/" schemaLocation="e:/Leo_disk/Languages/Schemas/dc.xsd">  </xs:import> -->
	<!-- <xs:import namespace="http://www.w3.org/2001/XMLSchema" schemaLocation="e:/Leo_disk/Languages/Schemas/dc.xsd">  </xs:import> -->
	<!--
  <xsd:metadata>
   <dc:title>XML Schema схема проекций моделей ГосМастера</dc:title>
  <dc:description>см. ниже</dc:description>
  <dc:publisher>БИГ-СПб</dc:publisher>
  <dc:created>2006-06-01</dc:created>
  <dc:identifier>http://www.big.spb.ru</dc:identifier>
  </xsd:metadata>
   -->
	<!--!-->
	<xs:annotation>
		<xs:documentation source="http://www.big.spb.ru/TR/2006/20060522/projctn.html" xml:lang="ru">
      Нормативная схема для проекций моделей административного управления
      БИГ, отражающая синтаксические ограничения языка XML Schema
   </xs:documentation>
	</xs:annotation>
	<!--!-->
	<!--
2.0. Проекции модели   //надо ли  ??? возможно для ссылок при выборе в составных проекциях
-->
	<xs:element name="modelPrjctns">
		<xs:annotation>
			<xs:documentation xml:lang="ru">Перечень всех проекций модели</xs:documentation>
		</xs:annotation>
		<xs:complexType>
			<xs:sequence>
				<xs:element ref="begPrjctn" maxOccurs="unbounded"/>
			</xs:sequence>
		</xs:complexType>
	</xs:element>
	<!--!-->
	<!--!-->
	<!--
2.1. Проекция
-->
	<xs:element name="begPrjctn" type="prjctnType">
		<xs:annotation>
			<xs:documentation xml:lang="ru">Проекция модели</xs:documentation>
		</xs:annotation>
		<!-- Составное имя проекции для ссылок; в проекции явно не  присутствует -->
		<xs:key name="prjctnCmpndName">
			<xs:annotation>
				<xs:documentation xml:lang="ru">Составное имя проекции для ссылок</xs:documentation>
			</xs:annotation>
			<xs:selector xpath="begPrjctn"/>
			<xs:field xpath="@prjctnNmb"/>
			<xs:field xpath="@prjctnName"/>
		</xs:key>
	</xs:element>
	<!--!-->
	<!--!-->
	<!--
2.2. Сложный тип Проекция
-->
	<xs:complexType name="prjctnType">
		<xs:annotation>
			<xs:documentation xml:lang="ru">
        Основные и вспомогательные связи компонент моделей различных видов:
        процессообразующие, функциональные назначения, ответственности и др.
     </xs:documentation>
		</xs:annotation>
		<xs:sequence>
			<xs:annotation>
				<xs:documentation xml:lang="ru">Закладки  свойств проекции </xs:documentation>
			</xs:annotation>
			<!--  Закладка "Основные" свойств проекции   -->
			<xs:element name="prjctnMainProp" type="prjctnMainPropType">
				<xs:annotation>
					<xs:documentation xml:lang="ru">Закладка "Основные" свойств проекции</xs:documentation>
				</xs:annotation>
			</xs:element>
			<!--  Закладка "Типы" свойств проекции   -->
			<xs:element name="prjctnSubArea" type="xsd:string" maxOccurs="10">
				<xs:annotation>
					<xs:documentation xml:lang="ru">Закладка "Типы" (подобласти модели) свойств проекции</xs:documentation>
				</xs:annotation>
			</xs:element>
			<!-- modelSubAreaQnt" определить для модели -->
			<xs:element name="prjctnItemChar" type="prjctnItemCharType" maxOccurs="unbounded">
				<xs:annotation>
					<xs:documentation xml:lang="ru">Закладка "Характеристики связей" свойств проекции</xs:documentation>
				</xs:annotation>
			</xs:element>
			<xs:sequence>
				<xs:annotation>
					<xs:documentation xml:lang="ru">Собственно связи проекции</xs:documentation>
				</xs:annotation>
				<xs:element name="prjctnItem" type="prjctnItemType" maxOccurs="unbounded"/>
			</xs:sequence>
		</xs:sequence>
	</xs:complexType>
	<!--!-->
	<!--!-->
	<!--
2.3. Сложный тип Основные свойства проекции
-->
	<xs:complexType name="prjctnMainPropType">
		<xs:annotation>
			<xs:documentation xml:lang="ru"> Закладка "Основные" свойств проекции</xs:documentation>
		</xs:annotation>
		<xs:attribute name="prjctnLeftClsf" type="clsfCmpndName">
			<xs:annotation>
				<xs:documentation xml:lang="ru">Имя левого классификатора проекции</xs:documentation>
			</xs:annotation>
		</xs:attribute>
		<xs:attribute name="prjctnRightClsf" type="clsfCmpndName">
			<xs:annotation>
				<xs:documentation xml:lang="ru">Имя правого классификатора проекции</xs:documentation>
			</xs:annotation>
		</xs:attribute>
		<xs:attribute name="prjctnLinkClsf" type="clsfCmpndName">
			<xs:annotation>
				<xs:documentation xml:lang="ru">Имя классификатора связи проекции</xs:documentation>
			</xs:annotation>
		</xs:attribute>
		<xs:attribute name="prjctnNmb">
			<xs:annotation>
				<xs:documentation xml:lang="ru">Номер проекции</xs:documentation>
			</xs:annotation>
			<xs:simpleType>
				<xs:restriction base="xsd:string">
					<xs:pattern value="(([0-9])+’.’)+"/>
				</xs:restriction>
			</xs:simpleType>
		</xs:attribute>
		<xs:attribute name="prjctnName" type="xsd:string">
			<xs:annotation>
				<xs:documentation xml:lang="ru">Название проекции</xs:documentation>
			</xs:annotation>
		</xs:attribute>
		<xs:attribute name="prjctnEditDate" type="xsd:date">
			<xs:annotation>
				<xs:documentation xml:lang="ru">Дата создания или редактирования проекции</xs:documentation>
			</xs:annotation>
		</xs:attribute>
		<xs:attribute name="prjctnEditor" type="xsd:string">
			<xs:annotation>
				<xs:documentation xml:lang="ru">Автор/редактор проекции</xs:documentation>
			</xs:annotation>
		</xs:attribute>
		<xs:attribute name="prjctnComment" type="xsd:string">
			<xs:annotation>
				<xs:documentation xml:lang="ru">Общий комментарий к проекции</xs:documentation>
			</xs:annotation>
		</xs:attribute>
		<!--
		<xs:attribute name="prjctnCmpndName"/>
        -->
		<!-- <xsd:sequence> -->
		<!-- Составное имя проекции для ссылок; в проекции явно не  присутствует -->
		<!--
        <xsd:unique="prjctnCmpndName">
            <xsd:selector xpath="begPrjctn"/> 
            <xsd:field    xpath="@prjctnNmb"/>
            <xsd:field    xpath="@prjctnName"/>
        </xsd:unique>
         -->
		<!-- </xsd:sequence> -->
	</xs:complexType>
	<!--!-->
	<!--!-->
	<!-- заглушка элемента другой схемы "clsfCmpndName" -->
	<xs:simpleType name="clsfCmpndName">
		<xs:annotation>
			<xs:documentation xml:lang="ru">Составное имя классификатора (из схемы для классификатора)</xs:documentation>
		</xs:annotation>
		<xs:restriction base="xsd:string"/>
	</xs:simpleType>
	<!--!-->
	<!--!-->
	<!--
2.4. Сложный тип Тип характеристики связей проекции
-->
	<xs:complexType name="prjctnItemCharType">
		<xs:annotation>
			<xs:documentation xml:lang="ru">
         Закладка "Характеристики связей" свойств проекции
      </xs:documentation>
		</xs:annotation>
		<xs:attribute name="prjctnType">
			<xs:annotation>
				<xs:documentation xml:lang="ru">Тип проекции; определяет ролевой характер связей проекции</xs:documentation>
			</xs:annotation>
			<xs:simpleType>
				<xs:restriction base="xsd:string">
					<xs:enumeration value="  "/>
					<xs:enumeration value="Вх/Вых/Упр"/>
					<xs:enumeration value="Вх/Вых/Исп"/>
					<xs:enumeration value="Исп"/>
					<xs:enumeration value="Упр"/>
					<xs:enumeration value="Чт/Зп"/>
				</xs:restriction>
			</xs:simpleType>
		</xs:attribute>
		<xs:attribute name="clsfIdx" type="clsfCmpndName" default="empty">
			<xs:annotation>
				<xs:documentation xml:lang="ru">Составное имя классификатора индексов проекции</xs:documentation>
			</xs:annotation>
		</xs:attribute>
		<xs:attribute name="pictSet" type="groupName">
			<xs:annotation>
				<xs:documentation xml:lang="ru">Набор пиктограмм для проекции</xs:documentation>
			</xs:annotation>
		</xs:attribute>
		<!--
   <xsd:annotation> <xsd:documentation xml:lang="ru">
      Обозначения связей проекции, флаг показа объединяющих связей
      верхних уровней и флаг отображения зеркальных связей не приводятся,
      так как определяют лишь экранное представление проекции
   </xsd:documentation> </xsd:annotation>
       !-->
		<!-- классификатор индексов -->
		<!-- former version: 
              <xsd:element name="prptClsfCmpndName" minOccurs="0" maxOccurs="1">
              <xsd:complexType> etc.
             </xsd:element>
        -->
		<!-- набор пикт. - in re – тип проекции -->
	</xs:complexType>
	<!-- Что это за пиктограмма и где она используется ??? -->
	<!--!-->
	<!--!-->
	<!-- заглушка модификации элемента другой схемы (1.)6. "posGroupName" -->
	<xs:simpleType name="groupName">
		<xs:annotation>
			<xs:documentation xml:lang="ru">Группа пиктограмм (определена в схеме классификатора)</xs:documentation>
		</xs:annotation>
		<xs:restriction base="xsd:string"/>
	</xs:simpleType>
	<!--!-->
	<!--!-->
	<!--
2.5. Сложный тип Тип связи проекции
-->
	<xs:complexType name="prjctnItemType">
		<xs:annotation>
			<xs:documentation xml:lang="ru">Связь проекции – это элемент проекции, включающий в себя номера пунктов, наименования, пиктограмму(ы)
       связываемых классификаторов, тип связи, свойство ее связи
      </xs:documentation>
		</xs:annotation>
		<xs:sequence>
			<xs:element name="leftClsfItem" type="clsfItemRef">
				<xs:annotation>
					<xs:documentation xml:lang="ru">Связываемый элемент левого классификатора проекции</xs:documentation>
				</xs:annotation>
			</xs:element>
			<xs:element name="rightClsfItem" type="clsfItemRef">
				<xs:annotation>
					<xs:documentation xml:lang="ru">Связываемый элемент правого классификатора проекции</xs:documentation>
				</xs:annotation>
			</xs:element>
			<xs:element name="linkDirection">
				<xs:annotation>
					<xs:documentation xml:lang="ru">Направление связи между элементами  классификаторов проекции</xs:documentation>
				</xs:annotation>
				<!-- type="linkDirectionType" -->
				<xs:simpleType>
					<xs:restriction base="xsd:string">
						<xs:enumeration value="direct"/>
						<xs:enumeration value="back"/>
						<xs:enumeration value="bidirectional"/>
					</xs:restriction>
				</xs:simpleType>
			</xs:element>
			<xs:element name="prjctnItemNameCnd" type="prjctnItemNameType" minOccurs="0">
				<xs:annotation>
					<xs:documentation xml:lang="ru">Наименование связи между элементами с возможным условием</xs:documentation>
				</xs:annotation>
				<!-- пришлось включить грамматически -->
			</xs:element>
		</xs:sequence>
		<xs:attribute name="prjctnItemNmb" type="xsd:positiveInteger">
			<xs:annotation>
				<xs:documentation xml:lang="ru">Номер связи для связываемой пары элементов классфикаторов</xs:documentation>
			</xs:annotation>
		</xs:attribute>
		<xs:attribute name="prjctnItemChrct" type="xsd:string" use="optional">
			<xs:annotation>
				<xs:documentation xml:lang="ru">Характеристика связи проекции. Обычно - наименование процесса, к которому подуключена связь</xs:documentation>
			</xs:annotation>
		</xs:attribute>
		<xs:attribute name="prjctnItemWeight" type="xsd:decimal" use="optional">
			<xs:annotation>
				<xs:documentation xml:lang="ru">Численный показатель веса связи</xs:documentation>
			</xs:annotation>
		</xs:attribute>
		<xs:attribute name="prjctnItemDoc" type="xsd:string" use="optional">
			<xs:annotation>
				<xs:documentation xml:lang="ru">Документ, соответствующий связи проекции</xs:documentation>
			</xs:annotation>
		</xs:attribute>
	</xs:complexType>
	<!--!-->
	<!--!-->
	<!-- 
2.6. Сложный тип Элемент классификатора в проекции
    -->
	<xs:complexType name="clsfItemRef">
		<xs:annotation>
			<xs:documentation xml:lang="ru">Указание элемента классификатора в элементе (связи) проекции,
       включающее в себя номера элемента, его наименование, пиктограмму(ы)
      </xs:documentation>
		</xs:annotation>
		<xs:sequence>
			<xs:element ref="clsfItemPict">
				<xs:annotation>
					<xs:documentation xml:lang="ru">Пиктограмма, соответствующая элементу классификатора</xs:documentation>
				</xs:annotation>
			</xs:element>
		</xs:sequence>
		<xs:attribute ref="clsfItemNmb">
			<xs:annotation>
				<xs:documentation xml:lang="ru">Номер элемента классификатора</xs:documentation>
			</xs:annotation>
		</xs:attribute>
		<xs:attribute ref="clsfItemName">
			<xs:annotation>
				<xs:documentation xml:lang="ru">Наименование элемента классификатора</xs:documentation>
			</xs:annotation>
		</xs:attribute>
	</xs:complexType>
	<!--!-->
	<!--!-->
	<!-- заглушка элемента другой схемы "clsfItemPict" -->
	<xs:element name="clsfItemPict" type="begPictType"/>
	<!--!-->
	<!--!-->
	<!--  заимствование
(1.)9. Сложный тип Пиктограмма
-->
	<xs:complexType name="begPictType">
		<xs:annotation>
			<xs:documentation xml:lang="ru">Пиктограмма в XML-описании модели представляет собой ссылку на !!!!
       рисунок, соответствующий группе понятий моделируемой предметной области (из схемы классификатора)
   </xs:documentation>
		</xs:annotation>
		<xs:attribute name="pictRoleName" type="xsd:string">
			<xs:annotation>
				<xs:documentation xml:lang="ru">Ролевое имя пиктограммы</xs:documentation>
			</xs:annotation>
		</xs:attribute>
		<xs:attribute ref="posGroupName">
			<xs:annotation>
				<xs:documentation xml:lang="ru">Наименование группы пиктограмм классификатора</xs:documentation>
			</xs:annotation>
		</xs:attribute>
		<xs:attribute name="pictTarget" type="xsd:anyURI">
			<xs:annotation>
				<xs:documentation xml:lang="ru">Размещение пиктограммы</xs:documentation>
			</xs:annotation>
		</xs:attribute>
	</xs:complexType>
	<!--!-->
	<!--!-->
	<!-- заимствование
(1.)6. Атрибут Группа пиктограмм (перечисление задается для конкретной модели) 
-->
	<xs:attribute name="posGroupName">
		<xs:annotation>
			<xs:documentation xml:lang="ru">
       Перечисление групп пиктограмм, используемых в конкретной модели
       Всегда присутствует value="Все пиктограммы"
   </xs:documentation>
		</xs:annotation>
		<xs:simpleType>
			<xs:restriction base="xsd:string">
				<xs:enumeration value="Все пиктограммы"/>
				<xs:enumeration value="Группа процесса"/>
				<xs:enumeration value="Роли участников процесса"/>
				<xs:enumeration value="Хранилища"/>
				<!-- !!! дать объединение -->
			</xs:restriction>
		</xs:simpleType>
	</xs:attribute>
	<!--!-->
	<!--!-->
	<!-- заглушка элемента другой схемы "clsfItemNmb" -->
	<xs:attribute name="clsfItemNmb">
		<xs:annotation>
			<xs:documentation xml:lang="ru">Номер элемента классификатора</xs:documentation>
		</xs:annotation>
		<!-- семантика номера, определяющая иерархию элементов, здесь не раскрывается -->
		<xs:simpleType>
			<xs:restriction base="xsd:string">
				<xs:pattern value="(([0-9])+’.’)+"/>
			</xs:restriction>
		</xs:simpleType>
	</xs:attribute>
	<!--!-->
	<!--!-->
	<!-- заглушка элемента другой схемы "clsfItemName" -->
	<xs:attribute name="clsfItemName" type="xsd:string">
		<xs:annotation>
			<xs:documentation xml:lang="ru">Наименование элемента классификатора</xs:documentation>
		</xs:annotation>
	</xs:attribute>
	<!--!-->
	<!--!-->
	<!--
2.7. Сложный тип Наименование элемента проекции
-->
	<xs:complexType name="prjctnItemNameType">
		<xs:annotation>
			<xs:documentation xml:lang="ru">
       Наименование элемента (связи) проекции включает в себя собственно
       название элемента (связи), а в случае наличия у проекции
       классификатора индексов (условий) и условия действительности этой
       связи
       </xs:documentation>
		</xs:annotation>
		<xs:sequence>
			<xs:element name="prjctnItemName" type="xsd:string">
				<xs:annotation>
					<xs:documentation xml:lang="ru">Наименование связи (может содержать доп.информацию)</xs:documentation>
				</xs:annotation>
			</xs:element>
		</xs:sequence>
		<xs:attribute ref="clsfItemName">
			<xs:annotation>
				<xs:documentation xml:lang="ru">Условие действительности связи из классификатора индексов, если таковаой задан</xs:documentation>
			</xs:annotation>
			<!-- условие из клсф усл., if any-->
		</xs:attribute>
	</xs:complexType>
</xs:schema>
